temperature,vibration,pressure,current,rpm,humidity,voltage,acoustic_emission,remaining_useful_life,fault_severity
69.96,1.702,4.219,9.95,1473.7,40.6,399.0,46.1,433.9,0
81.15,3.725,4.227,16.02,1462.5,59.4,397.5,66.2,197.6,1
71.11,2.64,4.651,11.27,1465.1,51.5,402.0,47.1,441.2,0
68.31,3.9,4.544,9.96,1468.0,36.0,403.5,44.8,329.7,0
88.33,9.57,,21.4,1389.2,50.2,392.1,76.4,0.0,2
101.45,9.6,3.206,18.67,1369.3,54.0,390.8,74.5,71.8,2
57.89,1.46,4.705,11.83,1449.4,54.2,399.2,56.2,352.1,0
99.19,8.553,3.301,20.69,1371.6,65.4,390.0,86.8,46.3,2
59.66,2.818,4.637,7.75,1484.6,54.6,396.3,45.5,390.4,0
68.04,1.87,4.447,11.87,1501.3,63.0,397.8,46.9,470.5,0
63.39,5.134,4.281,15.79,1444.9,46.2,399.2,54.5,137.5,1
73.84,6.614,3.885,13.41,1467.4,35.8,398.3,56.2,158.3,1
65.29,2.941,4.752,12.39,1472.4,42.2,401.6,47.7,469.4,0
55.85,2.379,4.366,11.39,1452.9,58.7,398.6,46.5,413.5,0
68.55,2.026,4.446,13.08,1491.1,72.4,399.4,50.1,423.8,0
62.84,2.289,4.475,12.38,1470.0,49.5,398.2,41.6,399.7,0
98.86,9.881,3.295,22.12,1383.9,61.5,395.1,78.4,25.9,2
61.96,1.741,4.594,11.29,1450.4,27.9,401.3,54.7,409.1,0
73.86,1.493,4.935,14.92,1513.4,28.3,399.9,42.6,377.0,0
66.73,3.154,4.674,12.11,1481.4,47.8,397.2,48.7,380.0,0
81.0,6.179,4.35,14.9,1415.1,59.1,397.1,60.5,174.3,1
77.59,5.023,3.815,14.63,1456.5,63.3,396.0,66.4,138.7,1
54.23,3.829,4.389,13.69,1463.0,46.2,401.5,45.8,409.3,0
64.95,2.353,4.608,13.1,1463.0,63.6,402.9,55.6,414.9,0
66.04,3.14,4.955,9.47,1438.0,60.4,401.2,52.8,464.0,0
78.99,5.345,4.412,14.63,1439.8,49.4,398.8,66.4,110.9,1
75.35,6.792,3.464,15.76,1477.5,71.9,397.9,60.0,135.1,1
88.85,5.473,3.807,13.73,1462.5,79.4,403.2,65.1,187.3,1
60.48,2.236,4.554,14.21,1459.9,62.2,399.6,41.3,439.5,0
99.04,10.273,3.521,20.27,1385.4,58.8,388.8,81.6,0.0,2
79.51,4.555,,14.18,1444.5,69.7,398.0,64.5,172.8,1
95.97,8.822,,20.91,1415.9,50.0,391.9,79.9,63.0,2
67.68,2.641,4.671,13.61,1472.1,46.9,401.1,52.7,384.3,0
93.45,9.57,3.366,21.55,1391.6,61.6,393.5,82.5,17.7,2
60.04,2.359,4.753,11.91,1525.5,73.9,401.4,49.9,426.3,0
87.08,8.582,3.363,21.85,1397.8,63.4,395.1,78.3,55.0,2
66.97,2.53,4.54,12.63,1485.0,50.2,399.3,53.6,325.6,0
83.98,4.997,3.887,14.61,1446.2,71.9,400.1,64.5,194.4,1
64.88,2.258,4.382,11.14,1473.2,57.7,398.4,48.4,344.6,0
63.93,2.334,4.452,11.53,1466.9,49.1,399.5,46.6,423.7,0
61.88,2.237,4.635,11.7,1458.5,60.3,395.3,52.4,461.3,0
62.41,2.05,4.219,13.43,1453.2,38.8,401.1,45.6,389.0,0
68.64,2.998,4.472,,1452.2,53.4,397.1,47.6,353.7,0
67.56,2.441,4.292,11.2,1476.1,35.6,400.1,45.4,381.7,0
69.25,2.14,4.425,11.54,1509.6,68.4,399.7,53.3,332.7,0
83.86,6.2,4.161,,1450.4,68.3,397.9,59.8,145.4,1
67.05,2.699,4.458,12.87,1473.1,52.5,398.5,55.0,421.7,0
62.56,1.734,,12.26,1467.6,40.6,400.8,49.2,357.3,0
75.73,2.302,4.716,9.29,1456.0,68.7,396.5,42.7,383.5,0
61.24,2.566,4.415,7.74,1473.5,78.7,403.0,50.9,353.1,0
59.15,3.348,4.344,8.95,1492.3,82.8,398.2,42.0,413.0,0
70.7,2.943,5.164,10.8,1466.6,58.0,398.3,48.5,405.4,0
92.71,8.873,3.247,22.15,1356.2,73.2,391.2,77.3,41.8,2
57.61,1.079,4.637,12.89,1443.9,35.2,397.6,45.7,384.2,0
62.69,1.289,4.199,12.24,1465.8,73.2,403.3,48.8,425.4,0
77.07,5.114,4.065,14.01,1465.1,69.0,398.9,63.3,155.8,1
60.14,1.697,4.947,10.55,1494.7,42.1,400.3,48.7,381.0,0
67.15,1.0,4.679,12.88,1474.7,38.7,399.8,48.5,315.4,0
69.62,2.384,4.242,11.95,1470.9,48.7,396.4,46.0,442.9,0
77.09,3.999,3.853,15.18,1446.2,45.1,397.7,59.5,62.1,1
70.22,5.993,4.333,14.96,1450.8,45.2,399.6,60.7,136.6,1
64.83,2.01,4.427,,1441.8,56.8,400.8,48.9,428.3,0
64.65,2.866,4.035,13.83,1501.7,51.1,399.1,55.2,403.9,0
65.13,2.846,,10.84,1527.8,51.1,399.9,50.3,382.2,0
68.71,2.526,4.832,,1496.8,59.4,399.5,48.5,371.1,0
64.33,1.871,4.516,13.94,1472.5,56.3,397.5,45.4,325.7,0
78.91,4.466,4.142,16.33,1433.0,44.2,398.2,60.1,111.1,1
64.06,2.204,4.578,9.91,1467.8,60.5,396.3,39.2,420.1,0
74.88,4.983,3.936,14.71,1397.5,60.4,395.8,69.0,224.8,1
80.43,6.84,4.177,13.88,1454.2,71.1,398.5,67.6,85.4,1
76.2,5.839,4.517,15.26,1482.2,49.7,401.6,54.4,144.9,1
63.42,2.527,4.716,10.38,1494.0,44.2,399.5,46.4,441.3,0
64.14,2.375,4.477,9.39,1455.2,52.4,400.4,46.5,339.8,0
67.91,4.888,3.752,13.61,1466.8,54.3,396.8,48.8,479.3,0
78.38,5.571,4.161,13.19,1462.2,59.8,395.3,58.5,86.1,1
66.73,3.241,4.708,13.58,1485.8,50.0,395.8,46.6,429.0,0
69.3,2.481,4.657,12.34,1482.1,40.2,400.9,45.5,388.7,0
70.33,1.71,3.922,10.22,1474.4,52.3,398.9,48.9,410.7,0
60.58,3.489,4.539,12.33,1511.8,50.7,399.0,48.9,414.8,0
66.19,2.382,4.866,12.12,1490.1,39.5,396.2,46.9,479.7,0
98.37,9.578,2.849,21.99,1385.9,62.2,389.3,84.4,21.9,2
66.45,3.513,4.323,13.64,1436.4,84.3,400.2,44.4,386.2,0
61.64,1.845,4.243,12.31,1457.6,70.0,396.5,49.9,372.4,0
90.28,4.807,3.849,14.81,1439.4,48.1,399.0,61.3,154.9,1
69.58,1.257,,11.8,1464.7,57.3,398.2,49.7,404.3,0
58.95,3.056,4.172,14.55,1489.5,68.9,397.2,48.2,409.0,0
92.85,9.151,2.577,19.36,1390.6,69.2,391.5,82.6,63.5,2
72.71,1.495,4.653,13.29,1488.6,44.7,397.9,44.0,363.0,0
64.26,1.765,4.128,10.68,1484.2,67.6,399.1,53.5,376.1,0
72.73,6.011,4.272,17.53,1450.9,49.4,397.7,64.3,167.9,1
71.05,5.899,3.962,15.1,1448.2,45.5,399.1,64.2,176.8,1
58.15,3.133,3.892,14.03,1490.1,51.4,403.4,40.6,426.1,0
94.13,8.893,3.265,19.54,1407.2,70.6,391.1,75.1,51.4,2
75.14,5.37,4.2,17.97,1466.2,62.7,398.0,67.6,122.6,1
67.58,3.021,4.822,10.16,1493.8,53.1,397.6,50.1,420.7,0
61.63,2.151,,14.78,1485.8,55.1,398.8,53.9,448.3,0
61.99,4.441,4.913,12.56,1472.7,55.8,402.1,48.2,456.3,0
98.29,8.327,3.36,21.21,1392.9,54.5,390.9,73.4,31.8,2
66.91,2.574,4.15,9.94,1477.2,33.8,398.3,46.4,388.5,0
65.61,2.016,4.266,,1454.6,46.9,398.2,42.3,287.9,0
88.31,5.277,4.345,14.29,1447.4,68.0,397.0,63.1,199.7,1
97.11,9.216,3.189,21.0,1406.9,55.5,391.6,80.3,110.5,2
66.66,3.0,5.473,15.58,1489.0,65.5,398.6,50.6,410.4,0
88.87,9.514,3.097,21.78,1433.7,69.6,388.9,71.8,31.3,2
69.64,2.717,,12.91,1492.9,48.2,396.5,49.2,364.3,0
59.78,1.275,3.967,10.65,1476.4,49.5,396.4,50.5,434.8,0
95.74,9.912,3.62,,1374.6,59.9,392.5,82.1,50.4,2
86.55,6.183,3.696,16.55,1452.0,47.7,399.2,55.1,166.2,1
64.77,3.401,4.444,11.58,1472.3,38.3,399.3,51.9,413.3,0
91.61,8.15,,22.91,1375.1,72.3,389.2,72.4,54.6,2
70.43,2.928,5.028,11.7,1464.8,54.3,397.9,45.4,408.8,0
61.0,1.548,4.5,13.97,1499.4,59.2,398.3,49.7,384.8,0
60.78,3.156,4.505,12.37,1473.6,59.1,399.9,46.2,387.9,0
68.1,2.015,4.208,11.58,1488.2,50.0,396.9,46.3,361.1,0
79.43,6.326,3.848,15.98,1453.8,51.4,400.2,64.4,161.1,1
74.41,6.206,4.6,16.7,1446.5,53.2,395.4,57.9,198.5,1
64.55,2.944,4.867,11.09,1466.9,68.7,400.4,45.8,426.7,0
73.06,1.596,4.583,11.0,1469.6,75.6,397.2,48.7,394.9,0
78.05,6.033,3.992,14.89,1436.9,69.0,395.8,64.5,144.8,1
69.98,2.006,4.28,11.33,1484.0,72.1,401.5,39.7,482.2,0
76.04,5.708,3.757,16.22,1437.2,61.7,398.7,60.7,108.9,1
65.2,2.878,4.297,11.06,1496.5,70.8,400.3,46.2,331.8,0
65.92,3.655,4.339,11.31,1521.7,61.6,400.0,45.8,415.7,0
86.42,4.944,4.283,15.81,1460.0,67.5,399.5,60.2,158.7,1
62.58,0.897,3.65,13.04,1520.8,56.9,398.3,45.0,370.6,0
78.85,4.972,4.639,15.02,1465.4,57.5,400.4,60.3,150.8,1
60.13,3.39,4.093,13.79,1461.4,61.8,398.9,46.3,405.6,0
94.35,10.257,2.904,21.78,1368.5,57.7,389.8,76.1,37.2,2
69.93,1.376,,11.95,1511.4,45.6,404.1,47.1,398.8,0
79.0,5.798,4.737,15.81,1488.0,55.1,400.4,61.7,208.7,1
74.13,2.708,4.282,10.84,1468.9,55.7,400.8,48.9,406.3,0
69.26,2.116,4.31,12.64,1487.3,59.4,400.8,45.3,481.6,0
82.42,6.397,3.485,14.88,1471.4,53.8,396.9,64.2,90.6,1
58.4,2.272,4.641,13.17,1453.9,63.2,401.2,42.5,463.5,0
97.37,9.91,,20.3,1370.4,61.3,390.1,76.9,71.3,2
96.17,9.489,3.11,20.4,1391.9,56.8,389.6,74.7,29.2,2
79.84,6.058,4.086,14.67,1442.2,57.3,399.9,55.0,145.3,1
63.59,3.356,4.523,12.04,1479.0,56.7,399.4,56.8,404.1,0
76.45,4.233,3.567,16.27,1418.1,59.4,397.7,58.8,69.4,1
61.81,1.545,4.169,13.94,1490.6,61.1,400.1,49.4,333.4,0
62.77,2.635,4.484,10.99,1478.7,49.0,401.5,51.9,435.3,0
95.6,10.191,,20.61,1381.2,45.9,389.7,78.2,72.9,2
62.24,3.275,4.312,9.97,1490.7,42.9,400.2,46.2,452.9,0
50.76,2.39,4.4,12.42,1500.9,62.2,401.2,48.6,401.5,0
60.39,2.069,4.746,10.42,1536.5,56.2,399.4,52.8,336.0,0
65.63,2.767,4.762,11.71,1514.2,60.2,401.2,47.9,390.8,0
89.64,10.19,3.521,20.08,1378.9,58.8,390.3,83.8,65.1,2
73.64,0.1,3.939,10.98,1525.5,51.8,402.3,35.4,401.9,0
61.77,1.992,5.115,14.45,1475.7,64.1,401.0,58.3,407.6,0
63.52,4.778,4.357,14.33,1460.0,60.3,397.7,58.3,190.9,1
60.8,2.465,4.625,13.42,1478.2,56.4,402.1,44.5,404.6,0
66.22,3.369,4.008,11.48,1499.7,67.4,399.1,54.0,419.1,0
69.76,1.893,5.113,13.92,1473.4,59.9,404.6,49.2,380.2,0
73.75,2.499,4.635,,1481.2,48.4,402.3,49.4,435.5,0
63.7,2.095,5.011,12.78,1514.4,65.9,402.9,48.8,409.5,0
75.09,7.081,3.599,14.62,1465.0,71.3,396.3,60.3,149.5,1
64.02,3.662,4.543,11.42,1465.7,54.6,401.7,45.9,376.9,0
67.1,3.663,3.868,13.13,1479.6,45.9,400.4,41.8,463.6,0
64.75,2.397,4.589,11.08,1463.9,58.6,398.7,47.7,371.7,0
84.48,5.871,4.458,16.58,1440.2,50.8,399.8,59.7,126.3,1
63.95,3.659,4.193,12.97,1494.8,66.0,403.9,47.2,359.0,0
96.51,8.748,3.64,20.91,1399.4,52.8,390.0,82.7,59.8,2
63.62,2.233,4.83,11.28,1444.5,50.3,396.9,45.9,481.1,0
66.54,2.952,4.64,9.33,1466.3,48.7,400.1,44.9,434.5,0
67.14,1.872,4.166,14.42,1445.1,73.0,398.9,40.1,388.3,0
71.19,1.873,4.384,12.72,1486.4,32.5,402.5,44.9,384.7,0
85.5,5.388,4.17,14.92,1456.7,44.6,399.1,62.4,107.4,1
67.22,2.333,4.434,12.58,1482.5,48.4,401.2,45.7,396.2,0
81.66,6.331,3.841,17.35,1447.7,58.7,399.4,61.2,198.7,1
64.64,2.761,3.955,10.35,1443.6,62.5,399.0,43.8,427.9,0
84.88,5.541,3.462,17.96,1460.7,57.5,398.8,58.1,142.9,1
64.72,2.659,4.931,10.67,1520.5,51.7,404.9,49.1,389.9,0
69.1,2.937,4.542,13.04,1463.6,52.7,402.0,48.7,387.9,0
80.76,5.343,3.934,16.7,1417.5,51.7,400.3,64.1,79.0,1
64.44,1.077,4.237,12.44,1501.8,55.7,401.7,51.3,390.1,0
65.63,2.695,,12.47,1471.9,61.8,396.6,46.1,384.4,0
62.58,3.348,4.518,10.79,1494.3,40.7,403.2,46.7,398.8,0
70.24,1.085,4.438,10.97,1487.7,63.2,398.4,57.0,399.7,0
59.92,2.458,5.076,11.99,1512.9,52.3,399.9,41.5,338.7,0
66.91,2.692,4.387,10.0,1474.4,65.0,401.5,48.1,402.1,0
71.07,1.63,4.225,8.97,1471.8,51.0,402.9,43.5,373.9,0
66.54,1.767,4.357,11.26,1471.2,52.3,399.1,41.0,393.1,0
76.26,2.246,4.533,,1538.4,45.8,398.4,43.9,423.0,0
65.14,2.985,4.66,11.05,1477.4,46.9,402.0,42.3,433.2,0
70.4,1.811,4.216,13.89,1478.0,34.5,401.7,48.8,372.8,0
78.93,5.003,4.301,16.32,1442.5,39.3,403.1,59.2,129.7,1
82.82,5.041,4.233,14.92,1451.0,46.5,399.0,60.5,128.7,1
65.08,3.692,4.641,8.05,1482.5,52.8,401.0,47.9,331.8,0
81.69,4.653,3.609,15.54,1434.7,61.3,398.3,62.1,154.1,1
72.4,4.595,3.785,14.67,1447.8,50.0,393.9,59.2,143.9,1
96.84,8.606,2.84,23.39,1392.7,50.6,392.7,79.7,11.5,2
63.74,3.52,4.375,10.74,1480.8,57.0,399.9,44.9,420.0,0
63.76,2.395,4.672,13.76,1478.9,41.5,398.5,48.6,404.6,0
81.8,5.826,4.16,13.93,1405.6,62.9,394.1,54.1,141.1,1
61.59,3.067,4.436,13.13,1491.3,60.2,402.1,51.6,327.5,0
97.75,8.857,3.468,20.38,1371.6,60.8,391.4,80.7,26.4,2
69.35,2.533,4.41,14.34,1479.2,59.8,402.6,41.0,442.5,0
63.9,1.987,4.161,14.89,1483.9,59.3,400.0,49.3,461.0,0
65.68,1.98,4.477,11.2,1483.0,48.4,399.3,46.6,398.7,0
62.24,2.731,4.854,10.91,1482.6,52.0,398.8,36.6,335.9,0
60.53,3.216,4.335,13.22,1471.6,52.7,397.4,40.3,430.7,0
88.44,9.537,3.325,22.51,1384.8,68.2,395.1,81.1,0.0,2
81.24,6.077,3.715,16.27,1482.7,64.2,401.5,58.7,151.3,1
63.49,2.54,,12.75,1464.0,50.6,396.5,42.6,391.5,0
96.49,8.613,2.904,22.72,1386.6,71.9,392.3,72.0,70.6,2
74.65,5.212,4.016,11.94,1501.4,61.6,398.9,55.5,67.4,1
72.65,5.204,3.756,16.87,1470.8,66.3,400.2,57.2,144.1,1
80.57,5.998,4.38,15.69,1447.9,46.7,398.9,60.6,198.1,1
65.71,1.631,4.907,11.85,1495.7,55.8,398.6,49.5,325.3,0
62.59,2.001,4.735,10.36,1488.4,54.4,400.6,50.5,434.3,0
67.46,1.678,4.171,13.24,1490.6,49.5,400.9,53.9,370.3,0
59.87,3.098,4.724,12.34,1486.1,56.6,398.7,52.7,415.7,0
63.79,3.336,4.592,11.81,1438.3,43.4,399.4,50.7,367.6,0
73.12,0.736,4.825,12.73,1472.4,56.9,398.7,55.0,417.4,0
66.41,2.204,4.767,13.04,1467.7,51.7,400.6,48.6,343.2,0
79.09,5.37,4.015,14.33,1500.8,45.3,398.3,53.3,171.6,1
67.0,2.098,4.709,9.09,1495.1,62.8,396.4,48.8,457.4,0
89.89,8.807,3.21,22.2,1390.3,55.1,392.6,78.3,2.8,2
66.01,1.272,4.579,10.57,1470.0,45.7,401.1,53.5,339.1,0
57.37,2.52,4.223,13.32,1465.8,59.0,400.5,50.3,380.8,0
97.15,8.223,3.293,20.66,1436.5,57.7,387.8,78.9,13.8,2
64.59,2.4,4.63,11.73,1503.9,56.5,397.6,46.3,408.3,0
71.87,2.139,3.909,12.44,1459.2,31.2,400.3,53.1,441.9,0
63.59,2.515,4.39,12.72,1459.0,68.6,399.1,43.4,350.2,0
71.09,2.78,4.522,13.04,1483.6,55.3,399.6,48.8,358.9,0
79.9,4.296,3.739,13.94,1416.2,62.6,398.1,61.4,197.3,1
78.32,5.496,,14.36,1454.0,53.1,398.9,61.3,92.2,1
66.61,2.851,4.473,11.64,1488.7,58.0,399.9,46.9,448.8,0
59.1,2.768,4.681,10.44,1468.7,55.2,402.0,51.5,368.8,0
72.67,6.171,4.084,13.81,1419.8,81.2,396.1,60.2,138.6,1
73.17,2.518,4.458,12.46,1493.8,70.3,402.7,46.7,424.2,0
61.29,2.107,3.969,8.52,1486.2,44.0,401.6,53.7,387.9,0
78.38,5.823,4.114,15.07,1434.4,65.7,398.0,67.9,209.7,1
82.04,9.409,3.15,22.07,1407.9,58.6,393.7,81.8,49.3,2
95.98,9.917,3.104,21.15,1373.9,52.6,387.8,76.4,57.4,2
62.8,2.617,4.309,12.63,1441.7,69.4,397.1,47.3,413.2,0
65.99,1.89,4.898,9.89,1494.7,59.5,400.1,49.7,348.1,0
70.81,2.947,4.55,,1450.7,40.1,401.2,51.5,407.5,0
99.2,9.725,2.79,21.52,1369.8,67.9,395.8,75.4,3.6,2
67.48,1.698,4.137,9.7,1451.9,46.3,398.1,42.9,387.1,0
68.05,3.108,4.187,10.24,1460.4,76.0,399.5,58.4,353.4,0
77.98,6.263,3.604,15.86,1461.3,73.9,395.5,62.0,141.0,1
65.41,1.836,4.138,13.81,1506.5,43.1,400.2,51.5,478.1,0
90.95,10.607,2.88,22.25,1390.3,43.1,389.1,79.7,16.5,2
70.15,2.093,4.483,13.29,1479.7,51.9,400.3,40.1,481.4,0
70.54,2.488,4.615,13.27,1492.7,51.5,399.8,46.9,389.5,0
58.78,1.5,4.855,11.62,1482.1,64.8,404.7,50.5,342.0,0
67.36,2.3,4.431,12.89,1499.0,49.8,399.4,44.5,405.3,0
61.94,3.543,4.623,11.44,1478.5,49.3,400.0,46.2,418.9,0
58.53,0.549,5.026,12.28,1480.6,46.6,399.2,52.7,364.1,0
72.74,3.135,4.169,11.99,1466.3,51.7,403.9,42.3,383.0,0
86.48,4.903,3.951,14.04,1446.7,58.3,397.6,67.3,161.4,1
92.35,9.012,3.471,21.02,1370.0,73.9,390.8,71.1,14.8,2
86.08,4.693,4.081,16.73,1423.6,67.4,396.3,59.6,175.0,1
73.06,7.119,4.393,18.22,1447.5,73.9,397.2,64.0,108.9,1
64.3,3.4,4.821,13.33,1481.6,58.5,399.4,40.5,455.1,0
66.61,1.298,4.841,10.81,1485.6,49.1,402.2,52.1,357.5,0
60.0,3.365,4.328,12.77,1472.0,65.0,402.1,57.4,405.0,0
98.17,10.81,2.925,22.0,1391.2,38.8,390.7,72.2,53.5,2
70.4,1.334,4.394,11.17,1473.9,60.9,399.2,48.2,409.0,0
77.03,5.938,3.837,17.09,1464.6,66.8,402.8,63.3,109.2,1
58.88,2.583,4.732,9.69,1479.7,60.0,398.7,42.6,369.5,0
66.12,2.333,4.3,12.36,1488.6,58.8,398.5,49.3,351.0,0
81.26,5.5,4.448,16.55,1408.5,58.0,398.0,58.5,201.1,1
58.86,3.739,4.194,12.51,1494.6,49.3,398.8,50.4,442.0,0
100.94,9.212,3.435,18.57,1419.0,72.1,390.0,79.0,42.6,2
74.33,5.725,3.855,14.65,1423.0,60.5,396.9,52.0,106.7,1
52.5,1.611,4.318,12.02,1485.5,56.4,400.5,47.4,378.3,0
97.78,10.43,3.079,20.91,1379.5,60.0,392.2,82.0,0.0,2
89.45,5.697,4.237,16.22,1408.5,66.7,397.9,64.5,145.9,1
70.46,2.778,4.435,11.8,1505.8,51.4,396.6,42.1,459.8,0
101.03,9.649,3.114,21.64,1403.4,61.4,391.9,72.6,0.0,2
67.02,3.043,4.164,11.65,1461.0,51.8,401.1,43.5,384.1,0
63.71,3.146,3.754,13.29,1455.3,38.7,397.3,46.3,399.5,0
74.22,5.7,3.792,16.56,1461.1,69.3,398.7,61.6,79.3,1
69.7,6.572,4.154,17.45,1446.6,58.9,399.4,65.5,121.6,1
75.74,6.399,4.479,16.26,1477.6,74.5,398.6,57.0,162.3,1
61.97,2.461,4.808,12.3,1513.7,53.7,398.4,53.0,359.8,0
70.42,6.149,4.245,14.32,1433.5,70.3,401.7,61.6,155.4,1
69.42,2.704,4.858,12.33,1494.9,69.7,401.7,48.8,455.6,0
60.33,1.134,4.553,12.05,1473.9,32.0,399.1,49.5,453.4,0
70.82,3.297,4.309,14.73,1483.9,44.9,399.9,44.1,430.1,0
67.12,1.509,4.666,11.87,1488.0,64.6,400.1,51.9,426.6,0
64.77,3.272,4.119,12.86,1456.4,60.8,402.4,51.8,436.9,0
67.79,6.103,4.281,14.79,1463.7,61.1,399.9,60.9,185.7,1
101.04,8.976,3.186,22.62,1377.0,72.8,396.2,82.8,59.1,2
68.51,1.326,4.42,12.01,1466.8,64.6,402.7,49.4,431.9,0
76.05,3.306,4.488,12.01,1499.2,48.7,401.3,50.9,400.8,0
68.18,1.846,4.036,11.06,1489.8,39.1,402.7,54.0,439.2,0
76.88,6.485,4.357,13.72,1447.1,74.8,401.1,59.2,98.9,1
62.32,3.309,4.649,12.32,1435.8,46.9,397.4,60.6,400.1,0
86.92,10.371,2.95,19.23,1376.6,54.9,387.7,78.1,0.0,2
64.24,1.958,4.509,9.73,1493.2,56.9,402.7,53.5,404.3,0
91.75,10.494,3.148,21.04,1409.4,55.0,393.4,75.2,18.0,2
64.25,2.639,4.47,12.57,1500.7,54.8,400.1,42.2,410.0,0
66.17,2.349,4.569,12.74,1496.4,38.1,396.2,61.5,453.2,0
64.55,0.82,4.453,11.94,1471.5,59.6,401.3,50.3,397.4,0
57.99,2.25,4.77,10.71,1459.5,54.4,397.5,43.7,409.9,0
97.3,8.598,2.811,19.67,1377.0,80.4,389.7,75.4,18.0,2
62.49,1.298,4.942,12.58,1490.9,59.4,401.0,51.4,398.0,0
80.65,6.123,3.829,15.34,1426.0,57.9,397.8,55.7,133.8,1
59.06,2.213,4.185,8.41,1515.7,67.0,402.2,41.4,411.5,0
67.69,3.489,,13.14,1485.4,53.4,400.8,47.2,424.4,0
65.61,3.076,,10.52,1483.0,77.9,401.6,45.8,380.4,0
85.46,5.762,4.066,14.69,1449.4,64.9,396.3,60.6,127.0,1
74.19,2.112,3.805,12.03,1478.9,72.8,400.3,47.1,415.5,0
65.75,3.093,4.617,14.44,1477.3,52.9,402.1,44.4,400.6,0
62.27,2.205,4.524,12.34,1447.4,76.5,400.6,47.8,426.4,0
62.32,2.794,4.804,12.12,1487.9,35.4,402.6,52.4,418.2,0
69.67,1.81,4.977,9.63,1436.0,67.7,397.4,49.3,430.0,0
102.36,10.094,2.695,22.49,1398.6,59.3,392.9,77.3,0.0,2
77.87,5.243,3.745,15.57,1444.6,56.1,397.1,57.4,226.9,1
97.9,8.118,,19.76,1392.3,72.2,393.3,79.0,86.6,2
69.2,5.464,4.299,14.63,1458.6,43.9,398.9,57.1,197.8,1
69.82,1.007,4.734,12.41,1492.0,63.3,400.3,47.0,329.3,0
107.9,9.914,3.773,21.76,1384.9,36.1,393.5,75.7,24.7,2
100.25,9.727,3.525,20.27,1375.3,72.4,394.7,76.7,42.2,2
86.07,6.038,3.581,17.11,1457.9,76.7,399.2,62.1,159.8,1
65.44,1.419,4.65,12.99,1475.5,42.8,398.4,45.6,383.9,0
76.76,6.451,4.122,12.54,1447.7,48.0,399.9,67.6,143.8,1
68.16,2.708,,11.71,1477.2,48.7,401.8,50.2,327.4,0
72.83,3.381,4.973,10.23,1454.2,66.8,399.9,49.3,359.8,0
63.39,1.345,3.91,14.52,1481.7,67.2,398.4,45.9,394.3,0
63.39,3.149,4.433,12.81,1475.9,50.6,396.2,45.5,384.4,0
73.98,5.503,4.137,16.04,1471.0,69.1,398.0,69.6,179.4,1
85.82,9.827,3.101,20.31,1365.7,50.6,394.2,78.6,47.1,2
68.19,2.485,4.647,13.44,1474.8,47.4,399.0,49.7,427.3,0
87.93,10.154,3.782,21.74,1373.6,62.4,390.7,77.2,56.9,2
77.79,1.948,4.436,10.56,1500.4,45.9,398.5,44.1,398.2,0
72.89,2.901,4.727,10.73,1483.2,59.1,402.3,50.2,411.3,0
63.0,1.887,4.481,12.83,1480.7,51.7,399.4,42.7,411.0,0
64.81,2.74,4.728,14.13,1465.9,55.9,403.4,51.4,386.1,0
60.91,2.235,4.514,9.62,1483.3,59.4,401.5,55.6,407.0,0
63.75,1.581,5.114,13.31,1502.4,56.8,402.4,47.8,454.2,0
65.89,1.375,4.762,11.77,1485.6,42.7,402.4,46.5,370.6,0
65.39,3.036,4.813,12.89,1497.8,43.6,405.4,52.6,349.5,0
57.91,2.19,4.959,12.63,1482.7,52.7,402.5,49.7,393.5,0
77.28,5.19,3.923,16.85,1454.4,64.2,398.8,60.0,193.0,1
78.97,5.909,4.233,15.57,1447.4,50.5,397.9,63.3,157.7,1
101.95,9.384,3.826,21.74,1373.9,48.6,392.4,79.0,73.1,2
67.1,2.163,4.286,14.14,1465.2,41.5,401.3,48.9,356.2,0
60.05,0.731,4.266,11.28,1500.8,54.4,400.1,48.2,393.2,0
58.74,1.775,4.64,15.28,1495.8,47.8,397.1,46.9,362.5,0
65.23,2.858,4.725,11.52,1498.6,51.1,400.6,47.7,369.4,0
61.23,1.832,4.199,11.74,1491.0,58.4,402.7,46.1,444.2,0
78.63,6.943,4.156,15.87,1443.4,52.5,398.3,45.7,216.6,1
63.93,1.286,4.977,13.13,1485.1,50.6,404.7,48.6,377.0,0
66.62,3.085,,10.95,1481.0,54.5,403.1,51.3,369.0,0
64.12,1.615,4.309,9.91,1541.5,48.6,400.8,54.1,442.3,0
62.82,2.599,4.468,12.17,1441.9,63.6,397.5,44.8,375.5,0
71.65,2.728,4.317,14.84,1459.4,76.1,400.5,54.5,394.4,0
62.25,1.423,5.02,10.47,1455.7,58.4,400.3,45.8,330.2,0
63.39,0.93,4.522,10.56,1480.4,62.8,398.5,51.6,459.4,0
92.35,9.542,3.038,18.85,1399.6,55.3,390.0,76.7,56.8,2
67.39,3.489,5.011,10.94,1475.6,39.9,398.1,50.7,379.2,0
66.1,4.285,,12.33,1506.5,54.1,402.7,50.3,367.2,0
63.26,2.5,4.86,12.95,1460.1,70.5,400.7,45.2,395.7,0
65.24,1.735,4.214,12.17,1527.6,43.4,396.5,46.4,355.2,0
68.06,1.78,4.112,11.56,1459.4,78.4,396.1,47.8,430.4,0
70.98,4.159,4.528,11.61,1488.9,37.5,395.9,46.7,355.3,0
67.72,1.465,4.884,10.55,1495.4,73.7,398.3,44.8,388.7,0
64.92,1.677,4.154,12.46,1479.1,64.0,398.5,50.6,457.0,0
66.4,2.066,5.055,11.86,1484.2,46.1,397.4,48.0,417.3,0
75.21,4.952,3.975,,1486.2,60.9,395.9,61.0,147.9,1
74.23,2.997,4.597,11.38,1515.0,59.9,396.4,49.6,360.5,0
71.28,1.235,4.775,12.98,1508.5,82.0,399.2,54.6,419.5,0
60.87,2.812,5.253,10.55,1492.8,47.5,397.7,48.0,390.9,0
74.74,5.656,,15.63,1408.3,36.5,400.3,59.0,203.1,1
80.97,5.313,4.071,16.98,1434.7,56.4,400.2,58.0,160.9,1
61.78,2.658,4.429,12.58,1483.0,51.1,401.9,54.1,388.1,0
66.22,2.459,4.011,10.08,1488.7,40.1,401.4,48.0,422.4,0
99.66,9.888,,18.61,1404.9,86.0,390.7,81.0,81.8,2
100.37,7.617,2.984,23.78,1423.3,73.5,392.5,83.2,97.3,2
72.22,1.977,4.956,12.86,1499.4,63.1,398.7,42.4,378.1,0
69.17,2.253,4.269,12.47,1494.6,53.9,402.0,48.4,425.2,0
100.44,9.586,2.848,22.72,1377.8,63.8,390.4,73.8,0.0,2
91.47,7.117,3.556,20.86,1357.5,51.0,390.8,76.7,140.7,2
83.95,6.235,4.166,13.84,1453.0,48.2,394.5,63.2,69.9,1
67.93,1.687,4.66,11.88,1481.4,59.7,400.8,50.0,419.4,0
99.52,9.246,2.756,17.74,1397.7,54.8,391.8,78.5,75.5,2
76.4,6.008,3.965,14.72,1453.1,56.5,400.6,69.5,142.2,1
57.38,1.764,4.576,11.5,1470.0,46.4,397.4,50.4,425.7,0
66.47,2.26,,13.21,1473.1,76.4,398.7,49.6,380.4,0
73.68,3.164,4.325,11.88,1481.5,59.8,399.4,46.5,391.4,0
85.0,4.96,3.528,14.2,1441.5,46.9,399.6,60.9,180.6,1
83.55,6.319,3.849,16.37,1437.9,44.0,400.0,63.6,150.3,1
78.67,4.119,3.841,18.64,1437.2,59.1,396.5,59.7,195.7,1
66.25,3.01,4.281,13.51,1496.5,67.6,398.6,47.2,391.1,0
78.22,5.335,4.401,15.52,1487.8,57.7,399.8,59.5,0.0,1
76.87,4.805,3.548,15.38,1448.7,55.2,399.7,64.8,132.8,1
85.2,5.572,4.022,16.04,1445.3,59.3,399.1,59.2,88.2,1
72.05,2.561,4.754,12.4,1476.3,57.7,403.7,51.4,453.7,0
64.4,2.315,4.793,,1476.3,65.4,395.5,48.6,410.9,0
67.95,2.121,4.384,12.21,1484.5,32.3,398.7,50.3,397.3,0
62.78,1.607,4.62,10.99,1470.2,46.8,397.4,54.5,439.0,0
72.75,1.585,5.071,13.86,1470.6,36.0,401.9,50.8,378.2,0
99.7,10.427,3.599,21.54,1350.9,53.5,393.4,72.7,27.4,2
68.17,3.095,4.911,11.99,1475.5,54.1,399.6,50.2,437.6,0
62.34,3.235,4.256,11.54,1472.9,62.0,395.8,54.8,440.7,0
64.81,2.307,4.131,13.8,1472.9,58.2,398.0,52.6,406.6,0
62.83,1.057,4.471,10.66,1474.7,66.8,398.3,47.4,416.0,0
91.15,8.136,2.98,24.29,1358.8,67.4,392.0,76.4,0.0,2
64.07,1.62,5.196,11.5,1490.8,53.9,396.4,46.0,356.1,0
99.09,10.636,3.335,18.38,1414.7,73.1,390.5,88.8,0.0,2
84.0,5.666,,17.12,1412.1,66.8,398.8,63.7,128.7,1
61.08,2.743,4.285,13.27,1476.6,36.7,399.8,49.9,314.9,0
68.36,2.616,,14.11,1499.5,50.9,403.2,48.8,462.3,0
66.01,0.45,4.815,11.32,1448.4,60.5,398.3,47.1,396.7,0
73.41,5.687,3.823,14.71,1426.3,56.8,396.5,64.0,125.8,1
80.54,5.299,4.036,15.78,1477.3,65.0,400.1,56.9,165.7,1
69.6,2.835,5.003,10.42,1481.6,45.7,398.4,55.9,369.6,0
96.75,9.509,3.52,19.51,1389.5,72.9,393.8,84.4,20.2,2
61.26,2.569,4.273,14.58,1479.5,68.5,397.7,50.8,367.9,0
94.14,8.542,3.414,22.4,1406.6,62.1,393.6,81.8,17.9,2
75.29,2.669,4.802,13.94,1474.5,48.9,397.9,52.2,398.5,0
75.24,5.489,4.002,16.09,1441.8,59.1,397.5,66.1,158.4,1
63.95,2.886,4.547,13.26,1501.8,53.3,397.6,49.8,396.2,0
69.42,2.339,4.446,14.16,1500.8,42.7,398.4,48.9,380.0,0
96.34,9.72,2.854,19.52,1403.9,57.5,390.6,77.3,35.2,2
77.26,5.02,4.475,16.13,1458.3,61.9,397.9,69.7,124.9,1
65.14,3.361,4.392,10.51,1439.0,60.1,399.4,48.6,450.2,0
105.03,9.851,3.781,23.52,1364.5,64.8,391.0,81.0,0.0,2
73.4,4.643,4.452,15.06,1458.3,61.1,400.7,60.7,119.3,1
88.17,9.755,3.404,,1350.0,49.3,390.2,80.3,54.4,2
69.47,2.138,4.957,9.21,1488.0,42.0,399.2,44.1,421.3,0
87.8,8.537,2.986,20.86,1385.8,57.3,386.7,84.7,10.8,2
73.98,1.101,4.704,11.68,1453.0,37.1,400.5,45.4,333.7,0
68.37,0.995,4.045,10.94,1481.5,43.0,398.9,46.2,428.8,0
72.64,2.813,4.112,11.47,1468.6,59.9,400.0,45.8,404.3,0
97.47,8.674,3.113,21.69,1396.8,57.4,394.1,76.3,27.2,2
59.4,2.034,4.596,11.05,1475.9,52.3,398.1,48.4,385.3,0
63.51,2.632,4.754,12.93,1468.5,50.2,393.6,45.5,399.9,0
63.78,2.217,4.512,11.83,1448.4,47.0,399.2,41.9,339.1,0
73.39,2.511,4.802,14.15,1452.0,48.7,399.5,51.7,421.5,0
80.72,5.71,3.739,16.94,1447.2,84.4,401.9,61.7,90.7,1
79.36,5.372,3.976,15.89,1447.7,61.0,399.8,57.3,152.5,1
95.98,9.617,3.041,21.07,1387.5,61.3,393.0,74.9,40.3,2
72.97,2.417,4.467,11.23,1494.9,40.2,402.7,49.1,379.4,0
77.41,4.784,,15.08,1431.6,51.7,398.3,55.4,161.3,1
95.92,8.04,2.784,18.96,1406.1,69.1,388.3,81.6,58.1,2
61.77,2.254,5.066,12.71,1473.4,49.5,399.5,50.9,322.3,0
67.71,3.047,4.628,11.63,1483.4,41.5,399.0,49.7,359.7,0
64.48,6.904,,17.16,1449.1,66.9,398.0,64.5,130.6,1
75.08,5.361,4.071,14.66,1443.1,44.6,396.2,64.0,124.5,1
55.12,3.035,4.643,13.55,1479.8,40.9,401.4,54.7,414.5,0
65.6,1.282,3.962,12.41,1481.2,49.9,402.1,42.7,398.8,0
75.83,1.766,4.25,8.25,1497.5,58.3,400.8,49.0,383.8,0
79.71,3.791,4.38,15.36,1446.1,56.8,398.2,60.8,103.5,1
61.74,2.711,4.158,10.86,1475.6,46.0,403.0,44.6,330.4,0
78.01,1.927,4.332,12.44,1457.8,48.8,402.0,45.5,409.2,0
64.21,3.727,5.086,15.15,1450.1,72.9,401.5,49.4,340.0,0
63.23,3.324,4.252,12.94,1502.6,58.4,401.0,47.4,460.7,0
77.69,5.621,4.333,14.05,1430.1,44.8,399.2,57.9,104.0,1
64.5,2.225,4.443,8.41,1465.4,39.6,401.9,49.8,413.9,0
98.07,9.368,3.047,23.4,1415.8,41.3,389.7,71.5,41.8,2
61.78,3.314,4.335,12.3,1465.8,58.6,404.6,45.7,351.0,0
64.89,1.406,4.123,11.76,1451.3,45.8,401.3,51.4,451.0,0
65.11,1.948,4.376,14.25,1451.9,58.4,399.5,49.3,429.6,0
70.05,2.007,4.011,11.67,1479.8,59.5,395.9,46.5,381.5,0
91.99,10.819,3.884,22.93,1401.1,54.3,391.8,77.7,54.7,2
85.1,6.3,4.465,14.95,1473.6,44.2,398.0,57.0,144.0,1
83.85,5.412,4.165,12.64,1447.5,42.8,398.9,56.9,107.0,1
61.97,2.169,4.652,12.44,1492.2,64.1,401.1,51.2,384.0,0
77.16,5.871,4.256,16.24,1430.1,54.1,397.7,67.1,103.4,1
98.79,9.99,2.916,18.69,1396.2,52.2,391.0,75.8,0.0,2
98.41,9.179,2.376,20.9,1402.6,46.2,392.4,78.6,99.5,2
84.91,5.429,4.252,14.91,1428.7,62.5,396.6,53.3,105.1,1
67.76,2.515,3.935,9.65,1473.3,50.2,399.8,56.3,456.6,0
60.51,4.988,4.818,9.6,1501.6,64.8,393.9,51.2,437.5,0
62.23,1.737,4.124,11.48,1504.1,55.5,400.6,44.1,333.2,0
60.16,2.971,5.049,11.91,1514.6,67.8,395.9,51.8,464.4,0
71.1,5.254,3.474,13.85,1425.1,61.6,395.3,72.5,79.3,1
70.54,1.845,4.069,11.09,1481.7,65.7,400.7,47.6,358.1,0
75.05,2.171,4.869,13.49,1469.6,51.1,397.4,50.9,345.4,0
107.02,9.017,3.142,20.64,1423.5,69.2,395.5,73.9,94.5,2
65.62,2.087,4.699,13.54,1484.1,71.5,401.4,48.2,428.1,0
67.45,3.373,4.936,9.83,1475.7,53.5,397.8,45.6,417.9,0
69.24,1.381,3.86,12.54,1488.0,57.8,400.7,46.7,386.8,0
66.5,1.893,4.331,11.39,1480.5,67.7,400.6,42.2,414.7,0
56.93,2.901,5.042,12.2,1478.6,67.7,396.2,38.2,413.2,0
74.61,4.756,3.859,16.73,1453.2,58.0,398.2,60.5,210.6,1
77.83,6.548,4.091,14.39,1437.8,70.7,395.3,72.3,168.5,1
96.04,9.292,3.033,20.38,1382.0,35.9,391.1,74.8,13.0,2
86.54,7.914,2.76,20.99,1364.0,59.4,394.4,84.4,80.3,2
67.79,2.898,4.196,12.58,1483.8,61.1,396.1,44.6,396.6,0
93.19,8.68,2.778,21.27,1389.7,73.0,393.1,79.1,4.0,2
76.49,2.32,4.485,11.93,1463.1,43.9,398.3,46.0,410.6,0
74.57,2.983,3.939,12.35,1481.6,47.7,400.7,49.7,416.8,0
61.54,2.477,3.603,12.64,1453.3,66.7,401.8,51.2,407.4,0
66.97,1.581,4.54,10.55,1454.7,53.2,399.9,51.1,415.9,0
78.84,4.626,4.102,15.03,1470.2,45.3,401.0,59.6,174.3,1
70.2,1.439,4.211,15.06,1435.0,55.6,401.2,44.3,448.9,0
80.57,6.281,4.304,15.83,1428.9,48.5,397.1,63.6,118.1,1
77.63,3.272,3.829,12.45,1499.9,31.0,400.4,42.7,313.7,0
61.49,3.687,4.268,12.74,1503.2,51.0,400.6,50.4,442.1,0
97.85,10.045,3.541,22.68,1389.0,56.5,397.3,78.4,68.1,2
77.07,4.981,4.185,13.44,1508.7,63.2,398.0,64.7,90.2,1
64.9,2.841,4.714,13.65,1500.6,40.7,400.9,50.6,461.5,0
67.9,1.774,4.622,11.63,1476.5,57.6,402.2,43.6,444.9,0
54.39,2.978,4.612,11.15,1480.1,63.6,398.7,51.2,386.2,0
77.31,5.561,4.609,17.28,1449.3,54.2,396.8,58.0,165.2,1
67.28,5.01,4.429,,1501.2,61.0,403.6,56.6,385.7,0
93.6,10.872,2.974,21.74,1426.0,58.4,392.7,82.5,14.9,2
62.63,2.305,4.752,12.36,1445.1,48.0,398.8,48.8,387.9,0
71.22,5.46,4.158,14.62,1442.5,53.3,401.0,65.9,40.2,1
64.48,2.832,4.286,12.78,1486.8,37.9,401.4,45.0,367.4,0
92.1,9.895,3.253,20.13,1350.7,48.9,396.2,82.0,51.5,2
86.77,10.112,2.992,18.25,1390.3,45.7,389.3,77.9,72.7,2
59.73,2.232,4.363,10.81,1491.6,63.1,405.4,48.8,416.7,0
86.16,8.459,3.757,22.42,1375.0,65.6,393.2,72.2,79.3,2
70.68,5.093,4.151,15.17,1436.3,41.1,396.1,55.4,203.9,1
61.95,2.053,4.837,12.23,1476.1,64.6,400.7,44.7,381.4,0
66.82,2.089,4.575,,1490.4,44.7,399.1,47.4,436.4,0
70.27,1.898,4.245,11.51,1454.7,53.9,402.8,52.8,327.4,0
100.54,8.248,2.981,20.91,1398.0,52.0,393.3,73.4,0.0,2
89.15,8.203,3.185,20.67,1365.4,55.8,390.5,79.3,0.0,2
65.3,1.866,4.376,12.03,1444.1,45.6,401.4,47.3,419.9,0
67.24,2.679,4.168,12.28,1490.1,75.5,400.2,46.5,388.0,0
56.99,1.995,4.747,12.58,1451.9,71.7,401.2,50.3,413.0,0
65.48,1.933,4.605,10.17,1452.1,50.9,395.3,44.8,419.9,0
70.95,2.581,4.785,11.92,1489.6,65.9,398.7,44.4,392.3,0
62.36,2.735,4.467,10.68,1453.0,47.3,401.6,50.7,368.0,0
72.06,2.326,4.445,12.19,1468.8,73.0,400.2,44.9,415.0,0
70.53,4.43,4.355,11.09,1452.4,53.9,399.1,52.6,312.3,0
74.54,5.984,3.747,14.69,1428.4,59.3,397.2,63.6,113.0,1
101.09,9.143,2.736,19.27,1384.9,47.4,393.4,82.6,17.6,2
64.61,2.495,4.619,11.23,1481.9,77.0,399.2,47.3,325.1,0
94.76,9.89,3.287,19.31,1387.1,64.9,390.7,85.6,63.1,2
84.64,6.155,3.898,14.5,1439.5,62.4,400.1,60.4,148.6,1
61.35,3.124,4.325,9.78,1484.7,45.9,399.1,44.4,388.0,0
76.06,5.506,4.251,12.4,1443.1,59.4,398.0,61.6,151.3,1
61.81,3.276,4.318,11.78,1468.8,45.8,405.1,45.4,380.0,0
70.93,2.063,4.559,10.68,1490.7,51.3,399.8,50.5,336.5,0
63.19,2.712,4.046,10.51,1494.9,56.8,400.5,44.5,418.3,0
74.37,2.828,5.069,12.53,1514.3,48.5,405.4,52.1,350.9,0
63.53,2.124,4.721,12.07,1487.2,46.1,400.0,46.0,375.3,0
54.01,2.415,4.787,13.14,1502.4,31.9,400.0,53.4,360.5,0
75.15,4.964,3.946,15.27,1496.9,40.0,401.4,57.6,123.5,1
59.29,2.885,4.866,10.22,1482.7,70.5,403.5,48.0,304.4,0
95.22,10.336,2.946,23.8,1381.4,46.7,391.9,76.3,10.3,2
64.8,2.344,3.954,15.02,1474.1,58.4,399.9,46.4,421.3,0
79.98,4.806,3.887,15.77,1457.0,68.2,398.8,56.3,104.9,1
61.74,2.288,,11.28,1437.9,76.8,399.9,45.1,332.0,0
60.48,2.756,4.387,9.01,1469.0,64.7,400.2,43.7,323.0,0
65.73,3.779,5.017,13.07,1457.6,65.8,397.7,47.5,412.2,0
81.08,6.685,3.564,15.04,1437.9,33.1,398.0,62.3,151.0,1
94.97,9.268,3.583,18.77,1360.1,66.1,390.7,81.2,0.0,2
90.23,9.052,,20.62,1394.4,44.0,390.5,82.6,91.0,2
86.56,5.061,3.741,14.68,1427.5,56.1,398.1,57.3,148.0,1
71.2,4.243,3.975,17.49,1440.1,56.2,395.7,61.3,179.4,1
77.16,5.293,3.475,17.59,1416.2,42.3,396.6,66.3,171.2,1
96.87,9.19,3.517,19.36,1360.3,64.0,393.9,73.9,0.0,2
65.07,1.395,4.182,12.82,1470.0,31.2,402.5,45.6,379.7,0
60.01,2.587,4.988,12.57,1464.8,69.4,396.5,47.7,346.0,0
67.26,1.978,4.489,14.08,1507.2,48.3,400.0,48.7,402.5,0
82.36,5.469,4.465,16.93,1456.6,55.6,401.0,63.1,251.2,1
60.77,1.185,4.231,12.37,1486.5,57.6,398.5,45.8,416.7,0
72.38,2.238,4.628,11.84,1502.4,41.5,397.5,42.8,392.3,0
72.9,1.628,4.874,10.24,1481.7,53.9,397.0,47.8,356.7,0
79.64,6.075,3.977,17.98,1452.0,43.4,400.6,62.1,189.8,1
55.55,2.189,4.532,12.29,1452.5,48.6,400.0,49.3,363.5,0
61.54,2.884,,7.23,1494.0,53.4,398.1,47.3,414.7,0
64.1,2.979,4.708,12.08,1469.8,62.7,403.0,48.0,382.0,0
72.57,2.569,4.261,11.37,1490.1,71.9,403.6,44.3,473.9,0
64.81,2.622,4.567,12.45,1463.7,51.4,397.0,51.8,327.0,0
67.07,2.355,4.709,13.77,1461.4,73.8,406.2,49.8,338.8,0
86.2,10.39,3.816,21.43,1418.0,51.0,389.9,80.9,0.7,2
79.91,5.06,4.044,17.47,1469.1,57.0,397.4,55.2,205.0,1
70.94,3.128,4.316,11.79,1471.3,56.5,398.3,43.3,343.1,0
82.88,5.693,3.447,15.71,1442.3,48.5,400.8,60.6,145.3,1
64.67,4.067,4.796,12.26,1477.1,59.0,397.9,42.1,405.1,0
65.96,2.414,4.045,14.42,1492.9,46.1,399.3,52.5,383.0,0
65.33,1.703,4.569,13.28,1501.8,69.8,399.3,52.9,360.5,0
88.28,9.767,2.689,20.7,1407.4,58.6,392.9,77.2,14.7,2
67.27,2.973,,13.91,1489.1,55.3,400.2,55.3,411.0,0
74.5,2.519,4.906,11.27,1486.0,55.3,399.9,49.6,439.7,0
65.66,1.642,4.442,11.48,1491.7,61.4,400.9,43.0,356.5,0
66.65,2.398,4.681,13.61,1460.7,49.3,400.7,46.4,367.7,0
72.48,5.505,4.255,14.99,1450.3,66.8,396.6,60.0,131.7,1
61.22,3.572,3.74,13.27,1480.1,68.4,403.3,38.5,472.2,0
69.99,2.801,4.288,9.75,1500.6,49.1,399.6,38.4,386.4,0
65.15,2.517,4.59,,1494.8,48.5,402.5,40.7,447.5,0
65.43,2.449,4.381,10.38,1510.8,57.7,400.3,47.2,431.9,0
68.97,2.531,4.411,11.11,1479.9,53.7,397.8,45.1,385.0,0
60.86,1.86,4.872,11.31,1503.7,46.2,400.8,45.2,317.6,0
63.88,2.287,4.768,10.93,1484.3,66.7,404.2,50.5,415.7,0
63.47,2.006,,13.69,1475.6,49.7,402.5,51.4,360.1,0
59.77,1.923,4.647,12.73,1456.2,58.3,398.7,48.9,428.6,0
78.41,5.331,4.218,14.9,1462.6,45.5,398.0,59.2,169.4,1
70.59,3.6,5.024,11.08,1452.2,63.6,396.5,56.4,442.0,0
97.18,9.347,3.083,20.52,1365.3,62.2,392.8,77.5,57.8,2
79.62,6.218,3.695,16.53,1468.0,50.1,397.2,51.0,92.9,1
67.93,2.312,4.259,12.15,1515.4,50.4,399.0,56.8,377.9,0
62.67,2.166,5.129,13.11,1476.8,48.1,398.9,53.1,432.8,0
75.31,1.674,4.463,8.97,1473.2,51.0,402.9,50.0,375.6,0
97.2,11.315,3.463,21.09,1380.8,77.7,393.8,77.2,55.1,2
70.8,2.393,4.506,12.45,1512.2,66.0,399.6,51.7,422.9,0
75.79,2.775,4.564,11.0,1461.8,49.8,399.4,48.4,349.6,0
63.88,2.186,4.459,11.16,1480.7,47.8,402.8,53.1,386.7,0
60.2,2.249,4.989,15.11,1467.7,63.1,400.9,43.9,486.9,0
68.41,1.863,3.964,12.32,1441.0,52.4,403.1,46.7,435.9,0
98.73,8.299,2.861,18.89,1366.9,32.0,391.3,76.9,0.0,2
88.44,4.804,4.595,17.53,1455.0,46.7,398.2,59.1,179.3,1
72.87,4.708,4.634,13.44,1527.9,55.7,402.4,55.9,415.8,0
73.04,3.161,4.117,11.59,1503.7,52.2,399.9,48.8,395.7,0
60.36,0.476,4.201,14.41,1444.6,45.0,400.8,56.2,422.9,0
65.64,2.975,,11.4,1510.6,64.8,397.9,54.4,384.4,0
98.24,8.904,4.378,22.5,1389.8,71.1,390.9,75.8,111.8,2
58.26,1.763,,10.65,1484.8,56.2,402.8,51.7,425.5,0
71.51,2.316,4.255,10.97,1507.0,54.8,399.4,54.5,368.2,0
68.21,2.456,4.253,10.9,1473.6,46.9,402.2,45.5,418.4,0
63.25,2.981,,10.95,1482.7,58.2,402.5,52.6,464.2,0
63.64,5.544,4.052,16.65,1469.0,47.8,397.4,63.6,137.9,1
62.18,2.106,4.649,11.12,1472.4,64.6,398.8,47.5,382.7,0
77.98,5.01,4.115,16.12,1422.4,44.3,398.2,59.9,109.0,1
67.94,3.21,4.099,10.27,1479.6,63.1,398.3,46.5,350.0,0
71.57,2.998,4.493,13.08,1497.1,56.6,397.4,53.8,378.0,0
76.55,6.621,3.816,15.69,1465.2,46.7,395.9,62.5,121.6,1
76.77,5.703,4.168,14.01,1452.1,36.8,400.9,60.7,155.9,1
85.27,5.854,4.611,17.26,1454.8,41.3,396.8,65.7,95.4,1
63.71,2.99,4.454,11.28,1476.6,48.0,399.6,48.6,411.7,0
81.54,5.874,4.031,13.5,1474.6,42.2,397.1,70.7,239.6,1
73.77,5.871,3.91,14.69,1467.3,62.6,396.3,59.8,146.1,1
66.76,3.51,4.733,10.75,1505.1,55.3,402.3,51.9,351.6,0
64.8,2.245,4.672,11.75,1489.7,86.0,403.1,42.6,379.4,0
77.46,3.283,3.754,11.35,1489.1,69.7,398.7,56.8,413.5,0
62.9,2.421,4.785,13.77,1498.5,56.6,399.7,48.8,420.7,0
98.39,10.458,3.299,20.62,1365.3,53.3,392.6,80.2,35.7,2
67.57,4.063,4.799,13.51,1471.3,60.7,399.7,46.8,387.0,0
64.51,2.918,4.177,9.71,1476.6,61.8,399.2,52.1,360.2,0
64.9,2.95,3.894,10.43,1500.5,56.5,399.2,49.2,450.8,0
80.79,5.849,4.029,17.0,1475.1,72.2,402.0,58.9,73.0,1
56.3,2.417,4.341,12.48,1453.2,78.9,400.2,52.0,368.5,0
70.12,3.132,4.445,8.75,1436.1,54.3,394.5,40.9,402.6,0
84.59,6.212,3.474,14.09,1449.1,73.4,393.7,67.6,76.3,1
66.97,2.671,4.099,12.89,1454.5,63.4,401.6,50.3,353.8,0
66.11,2.714,4.476,12.05,1465.2,32.0,398.2,49.7,365.3,0
69.0,4.09,4.738,12.44,1468.5,61.1,400.2,41.7,454.3,0
79.39,5.447,3.943,,1439.9,46.0,401.1,52.8,160.8,1
76.25,6.848,3.852,15.43,1450.9,49.2,398.5,60.5,196.3,1
94.13,9.021,3.33,18.72,1408.2,66.9,392.6,82.3,12.8,2
75.32,6.25,3.959,16.45,1447.2,49.6,400.9,65.1,195.9,1
69.45,1.925,4.611,11.81,1462.5,56.8,397.0,44.4,403.3,0
66.19,2.263,4.446,11.57,1487.3,45.8,398.4,45.2,426.0,0
73.21,1.492,4.188,13.49,1462.6,62.2,399.2,51.7,388.2,0
87.22,9.937,2.643,20.91,1398.5,71.1,389.1,80.7,0.0,2
67.51,1.579,4.554,10.37,1484.0,60.2,400.6,46.9,353.7,0
67.42,2.737,4.679,9.68,1465.2,39.3,402.1,42.7,480.2,0
66.12,2.06,4.197,11.95,1432.3,62.0,399.3,55.9,340.3,0
70.81,6.131,4.205,18.09,1414.4,59.9,397.0,63.8,129.6,1
62.77,2.485,4.773,12.53,1450.6,59.5,402.7,48.3,432.7,0
63.33,3.86,4.626,10.98,1464.3,47.4,403.7,43.6,397.3,0
59.69,1.628,4.257,12.96,1495.2,45.2,401.9,49.0,391.3,0
82.78,4.715,4.363,16.96,1462.0,68.2,397.9,49.2,178.1,1
70.01,2.336,4.058,12.15,1460.5,53.2,402.8,46.8,446.1,0
63.54,3.021,4.51,12.1,1493.2,61.8,400.5,46.2,405.1,0
65.92,2.827,4.206,13.02,1474.5,40.0,403.9,45.6,412.4,0
65.95,2.809,4.929,10.7,1479.6,49.9,401.5,40.2,372.7,0
81.25,5.715,4.292,14.6,1451.7,58.0,400.6,55.2,144.2,1
66.42,3.105,4.883,9.83,1454.6,37.4,399.5,56.1,399.3,0
57.76,2.128,4.233,13.33,1510.7,56.0,400.5,47.3,400.9,0
70.74,2.811,4.899,10.52,1500.5,57.5,401.3,45.5,343.6,0
65.97,1.261,4.272,12.03,1463.3,43.3,400.9,50.6,391.5,0
70.03,5.264,4.578,14.54,1500.0,66.2,395.8,63.8,131.3,1
67.54,2.505,3.861,12.87,1455.6,62.2,407.1,52.2,421.2,0
99.48,9.201,3.346,16.94,1411.0,57.8,395.2,78.4,21.9,2
72.02,6.047,3.964,15.66,1443.5,63.3,397.2,56.2,122.6,1
70.22,2.026,4.637,10.66,1489.5,40.0,399.6,47.8,384.5,0
75.85,5.347,4.228,13.86,1439.8,47.0,398.1,65.9,131.0,1
84.82,5.89,4.231,,1468.5,54.4,395.0,61.3,131.7,1
65.7,2.879,4.949,,1505.8,60.8,402.5,44.5,432.4,0
64.86,2.071,,11.21,1507.3,52.5,403.5,50.3,387.1,0
77.89,4.689,4.17,13.89,1429.1,55.0,394.9,59.4,137.3,1
66.2,2.446,4.462,13.72,1514.1,44.0,397.9,44.5,375.0,0
60.92,2.264,4.586,12.57,1492.1,65.9,397.1,46.1,424.9,0
91.16,9.43,3.118,18.87,1402.4,69.2,392.2,76.9,67.7,2
74.41,2.897,4.363,14.29,1436.2,47.0,401.7,53.4,407.1,0
70.15,6.598,4.001,14.62,1457.4,77.5,396.1,61.6,163.4,1
70.43,2.503,4.675,7.24,1455.7,67.0,397.1,46.5,388.0,0
82.39,5.913,4.128,14.68,1451.4,58.4,402.2,59.6,125.4,1
80.45,5.151,3.714,14.99,1456.8,63.1,395.0,60.9,183.1,1
91.66,10.328,3.214,22.16,1399.5,60.6,390.5,82.8,65.7,2
73.31,2.326,4.764,9.27,1504.5,37.5,401.6,45.3,431.3,0
77.65,5.755,3.963,15.77,1408.2,40.5,395.8,60.8,177.2,1
93.16,9.038,2.925,22.38,1335.2,58.4,393.6,69.4,53.2,2
66.34,0.779,4.645,11.43,1506.4,46.9,396.1,45.7,389.3,0
64.56,0.924,4.179,11.08,1458.9,53.2,400.5,39.8,402.8,0
69.08,1.684,4.904,8.65,1467.7,28.8,397.2,47.7,366.8,0
68.24,2.904,4.205,7.74,1490.8,46.1,398.0,51.1,352.8,0
88.38,3.663,3.765,12.63,1428.6,59.3,396.7,64.1,162.1,1
74.42,2.836,4.441,9.92,1502.4,51.6,402.0,46.7,352.4,0
68.99,5.994,3.998,15.57,1457.5,47.6,398.3,58.8,169.2,1
68.59,2.283,4.47,12.52,1481.8,60.0,399.6,47.3,391.7,0
74.42,5.939,4.614,14.62,1462.8,50.4,398.4,62.0,189.2,1
93.17,9.666,3.462,18.55,1390.9,54.3,388.0,84.3,45.5,2
70.39,2.081,4.324,9.58,1476.6,77.0,400.9,42.2,416.1,0
67.3,1.023,4.027,12.77,1466.0,35.6,402.6,49.6,395.2,0
62.86,3.463,4.666,8.99,1500.7,46.0,404.1,52.5,353.8,0
70.04,5.652,3.639,11.92,1413.1,30.9,399.5,61.4,109.7,1
92.22,8.216,3.461,22.01,1411.9,51.3,390.4,80.4,15.3,2
57.19,3.187,4.567,14.18,1485.5,57.2,402.4,49.8,486.3,0
67.69,3.338,4.318,14.05,1480.7,43.6,399.1,49.1,411.7,0
67.73,3.001,,12.05,1506.7,62.0,399.9,51.2,410.8,0
72.65,2.265,4.774,13.02,1469.2,68.2,405.9,47.1,456.4,0
73.0,6.179,4.319,14.54,1463.9,45.5,395.9,57.1,145.5,1
91.32,8.797,3.269,19.32,1363.3,70.7,392.4,75.0,101.5,2
66.89,2.271,4.564,12.69,1484.8,56.7,397.7,48.6,388.0,0
75.21,3.476,4.065,16.94,1441.0,64.7,398.0,57.4,95.9,1
98.89,9.656,3.554,19.56,1404.1,73.3,395.5,88.0,19.3,2
77.4,6.726,3.705,16.39,1429.3,72.3,395.3,59.2,177.1,1
74.27,1.819,3.835,10.65,1449.9,58.4,401.3,52.5,383.8,0
68.67,1.215,4.588,12.75,1478.8,60.3,401.3,50.0,395.8,0
64.68,3.072,4.522,10.9,1483.0,46.8,400.4,47.3,422.8,0
59.93,1.249,4.818,13.05,1493.1,64.3,398.7,53.4,355.7,0
72.8,6.814,4.208,15.86,1454.0,68.6,397.2,53.1,136.3,1
74.62,5.342,4.206,15.97,1431.2,66.5,396.8,65.1,135.5,1
71.39,2.796,4.599,10.59,1472.5,65.6,399.1,43.3,406.4,0
100.15,9.449,3.423,22.26,1396.0,53.4,393.4,82.6,2.3,2
65.16,3.212,4.758,12.22,1453.4,63.4,400.9,45.6,441.1,0
61.5,2.691,4.481,9.58,1508.3,55.8,398.6,53.2,395.0,0
69.75,3.743,4.389,9.95,1467.4,84.4,400.4,53.9,436.9,0
82.88,9.958,2.946,23.17,1392.3,67.2,394.0,80.9,28.0,2
74.23,6.328,4.142,,1406.4,65.5,399.7,56.0,182.3,1
76.15,5.655,3.981,15.14,1441.5,64.0,399.4,57.0,196.1,1
58.59,2.658,4.99,11.78,1448.9,59.5,402.4,44.8,459.6,0
65.9,2.348,4.794,12.42,1484.4,64.6,400.6,35.0,396.2,0
65.14,3.438,4.329,14.5,1459.5,53.5,400.8,49.6,360.9,0
98.55,9.716,2.883,22.15,1396.2,47.2,391.3,80.9,20.9,2
60.17,1.999,,16.73,1485.7,74.9,399.4,47.7,396.1,0
73.82,7.18,3.879,15.99,1439.7,55.3,395.8,60.1,114.0,1
65.19,3.94,4.557,10.83,1459.4,65.7,400.6,43.4,382.5,0
67.2,1.97,,11.26,1471.4,53.5,400.6,52.0,338.8,0
84.14,9.6,3.284,21.61,1407.1,75.3,391.5,73.3,0.0,2
67.34,2.846,4.594,12.88,1446.6,51.3,400.9,55.7,395.0,0
75.68,5.875,4.846,14.31,1475.1,52.8,397.0,56.5,74.7,1
80.97,3.035,4.72,11.54,1428.9,55.0,397.8,44.1,416.3,0
62.48,1.514,4.677,14.5,1494.3,52.9,399.0,45.3,384.7,0
75.82,2.614,4.877,10.89,1463.5,46.0,398.2,51.1,427.4,0
66.34,2.772,4.562,,1440.5,69.8,398.2,48.4,415.4,0
69.59,2.356,4.169,10.73,1476.0,37.7,401.5,48.0,391.4,0
68.68,1.784,4.788,13.19,1480.6,54.8,400.7,38.6,418.8,0
64.5,1.231,4.341,14.09,1460.5,54.8,400.7,42.7,414.4,0
94.39,9.462,3.343,19.63,1359.6,54.0,392.9,78.9,0.0,2
58.27,2.392,4.817,12.79,1459.1,59.7,399.7,47.5,390.9,0
80.86,4.904,4.053,16.04,1433.0,46.3,398.8,69.3,182.0,1
70.36,3.436,4.477,10.37,1456.2,46.8,400.0,51.8,411.2,0
74.69,3.645,4.405,11.7,1490.5,44.2,402.9,51.6,368.1,0
79.62,5.944,4.069,16.25,1476.3,73.4,398.2,62.9,89.0,1
95.88,8.145,2.991,22.53,1377.1,75.3,389.9,85.5,46.3,2
65.9,3.563,4.433,11.3,1492.3,46.8,401.7,43.3,340.4,0
82.98,6.839,4.231,15.31,1433.0,63.2,396.5,66.4,174.9,1
66.69,1.974,4.545,13.06,1462.5,49.5,402.2,51.1,416.8,0
64.86,1.932,4.599,10.44,1513.8,57.8,401.2,46.7,413.1,0
71.92,1.851,4.383,11.55,1469.9,66.4,403.8,55.0,349.8,0
74.73,5.127,4.476,15.15,1477.8,55.4,399.6,63.5,107.0,1
67.24,6.638,4.014,16.41,1468.2,54.8,398.0,53.4,185.7,1
70.12,5.493,3.999,19.72,1449.6,73.3,397.8,58.2,147.6,1
61.36,2.106,4.432,13.97,1489.2,72.4,400.5,49.4,387.0,0
96.55,8.682,,22.27,1390.3,60.7,387.5,81.9,22.5,2
76.6,3.043,4.851,11.1,1450.6,64.1,397.9,57.8,383.0,0
100.33,8.851,3.43,19.8,1378.6,47.0,389.5,73.2,0.0,2
61.95,4.391,4.476,13.93,1487.6,51.9,399.4,54.2,463.0,0
75.38,1.885,4.114,10.52,1480.2,57.0,401.7,47.5,299.2,0
107.95,9.922,3.071,20.66,1408.8,63.0,389.9,73.5,38.6,2
72.81,1.761,4.523,9.85,1449.7,40.8,400.6,49.5,469.9,0
103.51,8.535,2.823,,1392.2,70.7,393.0,79.8,46.6,2
71.38,5.685,3.988,14.38,1439.4,49.3,399.3,54.9,173.0,1
81.71,4.857,4.097,16.5,1460.3,56.0,399.4,55.8,115.7,1
69.6,2.567,3.907,10.67,1461.2,58.7,398.4,46.9,407.3,0
61.55,1.748,4.081,12.3,1475.2,65.9,401.5,47.8,406.0,0
93.59,8.874,3.215,20.14,1403.8,68.1,388.6,78.1,34.1,2
68.77,2.036,4.827,,1467.4,43.2,398.2,52.0,431.3,0
55.01,1.643,4.675,11.12,1457.6,55.9,399.9,52.7,350.8,0
76.89,6.399,4.233,,1434.6,71.5,398.4,53.9,70.8,1
65.53,1.222,4.377,12.59,1467.3,65.8,400.3,50.4,362.4,0
69.99,2.576,4.858,13.29,1487.2,48.5,398.6,49.7,411.4,0
84.31,3.964,3.621,15.5,1442.3,71.2,399.6,58.1,160.8,1
97.99,8.209,3.342,22.34,1376.2,61.4,390.9,71.5,5.6,2
66.12,2.48,4.211,11.97,1512.5,63.2,395.4,47.7,431.0,0
63.14,3.237,4.325,13.77,1462.9,66.2,399.9,41.0,363.1,0
85.51,6.164,4.138,14.92,1473.0,61.1,399.4,54.2,132.9,1
67.28,1.602,5.097,10.41,1464.7,37.0,399.5,43.8,422.3,0
70.74,2.812,4.472,10.57,1473.3,51.3,398.6,42.0,416.0,0
74.56,5.2,3.729,16.29,1452.7,56.4,400.3,61.7,162.5,1
83.11,6.764,3.754,14.85,1465.9,73.8,396.5,53.9,187.6,1
68.49,0.985,4.667,9.95,1494.7,52.9,401.4,53.1,393.8,0
93.48,8.496,3.244,21.71,1386.2,54.2,392.0,70.5,0.0,2
83.19,9.879,3.578,20.99,1412.5,42.6,394.9,77.6,34.1,2
55.03,1.339,4.692,12.31,1470.7,81.4,402.1,40.5,382.6,0
61.23,3.391,4.895,14.7,1479.7,70.0,401.2,44.2,367.4,0
58.34,2.87,4.951,12.3,1488.3,48.8,397.9,51.8,299.1,0
67.54,1.439,4.34,8.67,1456.4,52.7,399.5,46.0,390.0,0
64.12,2.864,4.891,11.62,1478.4,57.8,396.6,48.7,402.5,0
77.34,5.219,4.227,16.93,1434.5,72.6,396.5,66.7,96.2,1
100.94,9.453,2.945,22.0,1360.1,62.4,393.8,79.3,69.7,2
74.72,5.555,3.979,16.91,1456.2,43.7,400.7,60.8,175.6,1
62.98,3.357,4.58,7.63,1494.1,51.1,399.2,43.3,343.7,0
78.31,6.479,3.733,16.68,1457.8,42.6,400.7,63.5,160.8,1
85.17,9.611,3.519,,1403.1,66.1,393.1,77.9,30.9,2
62.76,3.623,4.25,11.0,1486.6,58.7,402.2,46.6,407.4,0
61.93,2.901,4.09,9.51,1469.7,61.9,399.9,44.1,455.7,0
59.66,2.774,4.452,12.05,1508.2,58.3,401.0,47.0,380.1,0
96.96,9.315,2.561,20.51,1371.9,45.6,391.5,74.4,59.9,2
94.82,8.31,3.286,20.67,1350.9,72.6,389.2,79.6,0.0,2
63.06,1.17,4.408,10.91,1446.3,49.0,402.1,43.9,450.9,0
94.88,10.289,3.077,18.22,1386.3,85.9,390.9,70.8,0.0,2
60.56,1.429,4.846,9.91,1470.4,52.6,403.8,56.9,404.8,0
75.18,5.578,3.982,14.34,1422.0,80.3,395.4,59.9,143.9,1
80.68,7.097,4.43,13.54,1444.9,38.5,398.9,64.3,189.8,1
70.57,4.787,4.344,12.81,1445.0,64.8,398.4,61.6,152.6,1
95.28,9.552,3.259,20.97,1394.5,73.3,393.3,70.0,12.0,2
76.79,4.082,4.462,16.27,1454.8,59.4,395.3,55.3,159.5,1
64.16,2.68,5.182,11.17,1493.8,56.4,399.1,46.8,461.7,0
76.81,4.943,4.409,16.48,1499.9,60.4,399.5,65.5,157.5,1
67.12,3.253,4.611,10.17,1459.8,41.9,399.3,43.5,459.9,0
101.41,9.758,3.429,19.9,1409.0,75.6,393.0,81.8,126.1,2
60.32,4.07,4.313,11.88,1471.0,50.0,403.3,47.4,370.0,0
55.67,2.296,3.976,10.6,1485.2,51.9,399.1,49.9,390.0,0
73.97,3.617,4.227,13.79,1459.7,45.2,398.2,46.6,386.7,0
70.95,2.079,4.869,13.54,1468.8,53.3,398.2,42.7,417.8,0
97.61,9.248,,24.25,1388.8,63.5,396.1,68.5,37.5,2
76.87,5.794,3.81,16.24,1465.1,54.3,398.4,59.0,188.2,1
92.12,10.17,3.022,21.61,1379.2,40.2,394.6,86.8,0.0,2
70.98,3.358,4.473,12.48,1510.3,55.4,401.9,47.7,416.5,0
63.1,2.585,4.504,9.24,1478.0,52.8,401.4,48.9,431.3,0
72.45,2.214,4.672,12.3,1503.9,52.1,402.8,50.8,434.9,0
69.2,2.942,4.457,10.72,1445.4,58.9,400.0,49.5,363.0,0
72.52,3.08,4.463,12.83,1475.6,47.0,397.2,48.9,372.9,0
65.52,2.244,4.105,11.27,1471.7,51.2,399.7,49.1,425.2,0
67.33,4.597,4.119,10.88,1460.4,56.6,398.5,47.4,416.2,0
64.51,2.648,4.35,12.46,1442.9,42.9,398.1,54.1,378.7,0
73.01,4.398,4.306,15.35,1490.7,42.2,398.0,61.3,176.9,1
65.34,2.146,4.037,13.64,1463.8,49.1,396.8,50.6,365.5,0
81.2,4.795,3.727,15.02,1512.3,45.8,396.9,57.7,213.5,1
67.8,2.566,4.354,12.7,1535.1,53.6,401.4,48.8,351.8,0
68.83,3.317,4.167,12.62,1470.2,58.9,401.5,46.3,374.9,0
63.18,2.316,4.628,13.88,1498.5,68.0,397.7,45.6,411.7,0
60.13,3.751,4.512,11.94,1518.0,52.1,398.2,44.5,357.0,0
88.07,4.303,4.078,15.99,1452.1,42.1,395.4,67.3,141.3,1
59.88,2.316,4.884,12.52,1455.2,28.0,395.2,45.5,392.0,0
60.3,1.627,4.499,,1469.6,49.8,402.4,47.4,368.1,0
75.73,4.84,,16.07,1466.8,55.4,393.5,59.8,189.6,1
73.75,4.51,4.407,17.24,1435.0,64.0,395.7,56.6,160.4,1
64.92,1.153,4.588,9.7,1466.4,46.8,399.4,45.7,422.7,0
67.14,3.377,4.521,11.72,1503.4,70.9,401.3,46.9,446.0,0
82.78,6.496,4.082,15.9,1399.4,62.9,396.4,57.6,179.1,1
81.8,4.407,4.123,12.99,1473.2,65.3,400.4,64.1,156.7,1
60.09,1.361,4.141,15.52,1472.6,59.2,395.9,50.2,331.6,0
68.54,3.455,3.854,13.74,1500.5,64.2,403.9,51.2,366.3,0
62.39,3.629,4.481,12.73,1496.0,55.3,400.0,47.1,413.4,0
72.23,3.79,5.022,10.72,1493.2,57.2,398.3,48.6,403.4,0
76.64,6.239,3.71,16.48,1465.5,72.0,397.6,65.7,136.6,1
83.74,6.665,4.368,15.34,1446.9,55.7,398.8,67.3,124.1,1
81.93,4.723,4.179,17.54,1426.0,48.0,395.4,57.3,137.7,1
94.52,7.759,3.406,18.75,1364.6,58.7,394.1,76.6,23.9,2
62.61,2.907,4.25,9.05,1493.0,51.4,401.4,54.9,398.8,0
71.59,1.56,4.392,14.22,1478.9,63.3,402.7,57.2,397.9,0
84.59,4.214,4.072,15.53,1482.0,57.4,398.6,59.8,163.7,1
101.18,9.135,3.394,22.39,1404.5,65.9,390.3,81.2,12.6,2
60.61,3.997,4.604,13.31,1476.5,59.0,396.9,50.1,422.2,0
82.91,6.525,4.499,14.53,1446.3,58.9,396.3,62.7,205.9,1
62.66,3.638,4.568,10.22,1479.6,63.7,403.2,48.1,459.7,0
79.12,4.987,3.988,10.99,1433.1,55.0,401.6,69.8,50.5,1
67.83,3.046,3.621,13.9,1499.5,39.9,397.9,43.6,431.1,0
66.41,2.439,4.682,11.76,1454.5,56.3,399.5,53.1,401.8,0
58.14,2.628,4.935,10.36,1458.1,66.2,399.2,49.0,376.4,0
95.96,9.733,3.224,20.9,1374.5,48.9,391.8,74.5,11.5,2
62.77,2.365,4.529,13.42,1507.0,61.5,403.5,45.2,331.4,0
72.39,5.061,4.543,16.97,1463.7,43.1,401.7,63.6,147.2,1
99.17,10.409,3.289,21.32,1379.2,57.4,390.5,73.8,97.1,2
72.48,5.45,4.515,14.23,1449.6,73.0,395.7,57.4,125.5,1
68.23,1.545,4.365,12.88,1485.4,71.7,398.3,51.1,422.6,0
64.31,2.656,4.531,9.75,1491.4,58.5,398.1,46.0,430.9,0
61.66,3.342,4.602,11.36,1475.8,52.8,398.7,53.8,416.8,0
62.87,2.866,4.858,11.98,1487.8,40.6,397.4,50.8,441.1,0
65.35,2.535,4.597,12.0,1480.4,39.3,398.7,48.5,341.6,0
65.83,2.628,4.565,14.41,1503.3,62.2,404.9,54.4,417.4,0
67.18,2.466,5.191,12.82,1464.9,69.7,398.5,55.7,450.1,0
59.59,2.671,4.491,12.01,1477.0,52.2,399.6,48.3,353.7,0
72.89,5.703,3.919,17.37,1450.1,70.3,400.9,52.1,110.5,1
62.41,2.395,4.416,11.4,1476.8,55.3,404.0,50.4,415.2,0
59.54,1.959,4.764,9.96,1456.0,54.1,401.8,45.9,360.0,0
63.38,2.946,4.594,12.13,1457.4,39.4,399.2,45.0,447.6,0
74.0,2.379,,9.17,1502.4,67.2,399.8,46.5,411.9,0
75.71,5.253,3.777,14.6,1446.0,56.2,400.7,61.0,127.2,1
73.99,2.479,4.577,8.88,1494.2,66.5,401.5,49.3,446.7,0
58.73,1.341,4.894,11.55,1469.3,41.8,400.1,49.6,377.6,0
89.98,9.963,3.669,22.55,1401.8,50.0,389.7,80.6,10.5,2
59.97,2.637,4.548,12.37,1507.6,53.9,401.5,48.3,452.2,0
77.71,4.705,3.873,12.66,1438.2,49.6,397.3,62.4,179.2,1
92.56,10.845,,20.92,1386.4,61.2,389.0,82.0,37.0,2
80.96,5.772,3.993,13.71,1482.0,54.4,397.6,65.3,216.6,1
64.15,1.632,4.349,,1470.3,65.7,398.7,42.5,473.9,0
62.53,2.247,5.045,12.17,1482.0,47.3,402.5,48.6,461.7,0
63.14,3.876,3.719,12.43,1489.0,34.7,400.6,47.9,382.6,0
56.66,1.721,,9.88,1505.1,50.8,398.9,54.0,390.4,0
68.48,4.859,4.597,13.04,1459.0,67.7,400.4,52.2,395.2,0
76.98,5.968,4.961,16.84,1433.2,48.6,397.1,61.0,147.4,1
73.2,3.085,4.557,10.23,1521.4,64.7,402.6,51.2,347.5,0
91.94,8.995,2.651,20.96,1399.0,69.7,394.1,76.6,46.0,2
59.95,0.702,4.844,12.24,1445.1,68.3,398.7,47.2,381.9,0
64.6,1.822,4.203,11.66,1423.3,46.5,399.1,52.6,410.6,0
71.9,2.624,4.859,,1476.3,46.4,397.7,48.3,435.9,0
67.13,1.396,4.882,14.46,1497.7,71.2,402.6,46.0,454.8,0
82.36,5.187,3.96,17.35,1445.9,65.7,399.9,62.2,223.7,1
63.31,2.96,4.097,11.03,1470.0,55.8,400.6,49.6,392.5,0
72.39,1.442,4.34,11.9,1477.2,69.2,399.0,50.4,433.2,0
101.96,8.914,3.357,20.24,1381.1,57.9,391.3,79.2,14.5,2
73.63,4.094,4.392,10.73,1481.7,46.1,398.9,55.7,343.6,0
73.36,3.21,4.236,10.75,1471.8,68.9,399.8,52.5,366.6,0
71.87,2.996,4.284,13.41,1477.9,55.6,399.0,45.0,450.7,0
76.98,3.996,3.63,16.76,1458.1,69.6,401.8,58.0,152.9,1
74.23,2.724,4.35,12.8,1470.5,71.7,398.4,49.9,417.2,0
57.58,3.378,4.989,12.04,1513.5,55.8,398.0,49.3,393.5,0
82.27,5.873,3.975,14.43,1427.4,62.4,398.1,60.5,163.7,1
88.32,9.134,3.005,20.51,1395.8,54.2,392.0,82.1,68.2,2
95.95,9.908,3.892,22.78,1384.8,60.2,394.4,78.6,0.0,2
65.38,3.216,4.256,13.01,1460.4,58.0,397.9,43.2,407.9,0
65.02,2.837,4.427,12.29,1488.6,53.9,400.8,47.9,403.1,0
96.01,9.093,3.041,20.32,1380.5,73.4,390.3,86.2,41.8,2
59.21,2.91,4.212,8.88,1512.7,49.3,398.9,44.6,466.7,0
100.16,8.985,,19.1,1396.1,36.6,389.2,78.5,42.5,2
66.84,2.928,4.49,11.55,1451.0,41.0,400.5,48.7,480.3,0
89.48,8.722,3.012,23.26,1377.9,75.5,393.7,75.5,30.8,2
91.69,9.484,3.449,16.72,1379.9,62.3,395.0,71.8,0.0,2
60.98,1.531,4.116,9.66,1486.2,52.8,398.7,52.2,447.1,0
89.52,7.919,2.988,21.58,1387.5,61.6,393.2,80.5,20.1,2
74.01,5.328,4.238,15.74,1477.2,60.1,399.3,68.6,153.3,1
70.25,2.347,4.997,10.44,1496.3,51.6,401.4,48.0,455.1,0
102.61,7.948,3.155,22.66,1416.9,52.0,384.8,79.8,93.6,2
69.75,0.777,4.211,11.02,1473.4,55.3,399.1,40.0,401.2,0
72.27,5.938,4.322,13.86,1436.3,50.2,394.1,64.5,152.6,1
69.57,0.391,4.692,10.49,1481.5,53.9,402.6,46.6,341.1,0
92.13,9.422,3.061,18.86,1375.3,65.0,388.7,75.7,94.3,2
58.62,3.037,4.222,11.64,1485.3,56.4,398.8,46.2,389.0,0
77.6,5.439,,13.95,1443.1,65.4,394.6,71.5,156.2,1
68.39,1.729,5.15,,1468.3,75.6,401.9,48.4,399.9,0
67.82,1.494,4.547,11.63,1477.0,53.5,399.8,50.9,360.0,0
96.3,8.957,2.965,21.29,1384.6,69.5,392.6,76.0,16.6,2
57.37,2.802,4.526,12.81,1465.2,49.0,396.3,52.5,392.0,0
65.57,3.064,4.088,11.32,1473.6,31.2,398.4,44.8,414.5,0
61.89,2.359,4.265,12.97,1494.0,32.8,399.4,44.8,343.0,0
75.28,2.958,4.576,12.53,1499.3,46.9,399.3,51.3,360.9,0
65.1,3.46,4.601,12.63,1482.3,37.3,402.0,43.7,422.8,0
65.85,3.044,4.7,11.91,1503.8,49.0,399.7,39.1,362.7,0
73.2,3.004,4.597,10.1,1480.6,63.2,402.6,51.9,343.2,0
74.07,5.128,3.632,14.33,1482.4,52.1,400.5,57.0,157.9,1
57.18,1.59,,8.97,1515.3,64.6,392.6,50.3,425.4,0
75.71,1.453,4.846,13.18,1448.0,52.2,400.1,44.2,435.2,0
52.23,2.117,4.415,11.93,1474.5,50.7,398.4,46.5,413.2,0
63.52,3.184,4.609,,1463.9,73.2,399.3,43.3,452.2,0
67.18,2.894,4.192,14.92,1446.0,53.6,401.7,58.3,455.9,0
73.35,1.889,4.376,13.28,1485.9,46.5,399.4,50.4,457.3,0
57.85,3.407,4.581,13.94,1509.1,49.1,401.7,52.5,459.7,0
52.88,1.76,3.843,10.66,1467.5,53.1,401.9,51.7,422.8,0
62.81,3.054,4.916,13.58,1502.0,57.9,399.3,42.6,441.8,0
88.95,9.491,3.244,22.55,1367.3,38.9,395.6,83.7,11.0,2
58.88,3.094,5.069,14.77,1493.2,42.3,399.9,39.4,398.4,0
79.94,6.891,4.526,16.26,1481.5,55.6,392.1,60.6,123.1,1
69.92,2.473,5.166,10.55,1507.0,42.7,398.8,46.9,456.8,0
71.14,1.498,4.61,12.35,1463.6,51.1,401.4,48.5,408.8,0
78.8,6.059,4.312,16.91,1428.9,48.7,396.8,61.3,112.6,1
60.22,2.653,4.398,12.78,1521.7,58.8,397.8,53.1,397.0,0
72.72,2.985,5.12,13.15,1480.3,54.6,399.2,48.8,417.7,0
97.0,9.581,3.336,19.27,1404.6,66.0,393.0,83.6,49.6,2
62.42,2.451,5.308,,1478.9,52.6,398.2,45.3,353.9,0
95.26,8.289,3.326,21.33,1424.1,52.3,394.4,76.0,81.2,2
73.14,3.049,4.781,11.88,1496.8,58.6,398.0,44.1,351.5,0
58.6,2.746,4.799,12.57,1491.7,41.8,399.1,40.1,456.6,0
77.87,5.119,3.933,17.69,1464.2,58.7,397.5,61.3,142.7,1
56.92,2.075,4.463,13.44,1474.4,60.1,396.7,45.5,394.3,0
91.59,6.848,3.179,19.35,1388.4,61.0,391.9,80.6,89.2,2
90.2,4.688,3.574,16.69,1469.5,51.9,397.8,73.0,147.4,1
81.47,4.999,3.712,17.29,1435.5,59.0,396.4,63.2,87.0,1
66.6,1.409,,8.36,1468.2,64.6,402.0,48.4,413.9,0
81.05,5.11,3.838,14.71,1501.8,65.4,398.5,65.2,201.1,1
59.28,2.29,4.393,12.31,1478.6,57.1,399.9,47.9,400.6,0
84.13,7.171,4.089,15.15,1476.6,63.8,401.4,59.8,67.9,1
76.7,5.137,3.515,17.21,1451.7,60.6,398.1,62.8,144.8,1
100.87,10.305,3.016,21.33,1377.3,59.7,397.6,83.6,20.0,2
63.46,3.886,4.339,9.88,1469.6,60.1,395.8,49.3,364.8,0
58.52,3.052,4.977,13.02,1469.2,64.0,401.6,42.8,403.2,0
66.63,3.715,4.665,12.94,1481.7,51.6,399.2,50.2,427.1,0
70.94,1.855,4.444,11.71,1499.4,58.2,396.7,49.6,374.1,0
61.81,2.517,3.628,12.13,1490.4,47.3,398.2,46.0,439.8,0
79.67,6.401,3.834,17.98,1449.3,51.0,396.4,64.2,116.1,1
67.84,2.174,4.555,14.18,1483.6,47.4,398.1,54.5,366.5,0
64.05,2.065,4.151,13.72,1470.4,65.4,398.0,44.1,473.9,0
72.99,5.781,3.814,12.4,1436.9,66.6,396.7,58.2,149.2,1
65.17,1.781,4.632,12.25,1468.0,60.4,399.8,48.1,415.3,0
93.03,8.933,3.073,20.8,1369.6,35.8,392.1,73.5,38.6,2
93.17,9.133,3.792,22.26,1361.8,52.0,392.1,74.7,36.8,2
82.69,7.021,4.155,13.42,1460.1,61.0,396.1,57.7,117.4,1
68.61,2.015,4.409,10.21,1519.2,61.9,399.5,46.7,423.4,0
62.22,3.92,4.75,12.74,1531.0,50.3,398.5,46.8,369.8,0
67.92,1.852,4.342,8.71,1464.6,47.6,397.0,52.7,413.6,0
74.87,6.16,3.688,14.39,1464.6,71.8,399.9,56.7,166.9,1
78.12,6.947,3.951,16.72,1465.7,47.0,393.9,67.5,82.0,1
84.24,5.713,4.635,16.34,1460.1,41.6,399.1,62.0,198.1,1
62.55,1.513,4.318,9.23,1463.0,61.7,398.5,53.1,439.2,0
